Business Name,Distributor,Address
FEATHER OAKS,Tri-Eagle Sales,
LOCAL STORE INC,Tri-Eagle Sales,
QUICK N SAVE,Tri-Eagle Sales,
KANGAROO EXPRESS #2658011,Tri-Eagle Sales,
FOOD GLORIOUS FOOD,Tri-Eagle Sales,
BEER STOP,Tri-Eagle Sales,
SPECIAL EVENT ACCOUNT,Tri-Eagle Sales,
BACKWOODS CROSSING,Tri-Eagle Sales,
FOOD N FILL #2,Tri-Eagle Sales,
MIKE S BEER AND LIQUOR BARN,Tri-Eagle Sales,
JERRYS CIGAR SHOP NORTH EAST LLC,Tri-Eagle Sales,
SUNSTOP MARKET#584/THE THIRSTYS PRO,Tri-Eagle Sales,
CAPTAINS CORNER STORE,Tri-Eagle Sales,
BEER CITY,Tri-Eagle Sales,
ST. JAMES BAY,Tri-Eagle Sales,
A TO Z LIQUORS,Tri-Eagle Sales,
MCKENZIE MARKET#11,Tri-Eagle Sales,
VICE SOCIETY,Tri-Eagle Sales,
HAVANA PACKAGE INC,Tri-Eagle Sales,
KRISH FOOD MART,Tri-Eagle Sales,
DECENT PIZZA,Tri-Eagle Sales,
GOLDEN FALCON LIQUOR,Tri-Eagle Sales,
TOMAHAWKS 51 AXE THROWING,Tri-Eagle Sales,
PAN FOOD STORES,Tri-Eagle Sales,
BOWDEN S,Tri-Eagle Sales,
SHIELDS MARINA,Tri-Eagle Sales,
WHIPPOORWILL SPORTSMANS LODGE INC,Tri-Eagle Sales,
Z. BARDHI S ITALIAN CUISINE INC,Tri-Eagle Sales,
CIRCLE 1,Tri-Eagle Sales,
COMMONWEALTH SHELL,Tri-Eagle Sales,
CORNER POCKET,Tri-Eagle Sales,
ALCHEMY CLIMBING,Tri-Eagle Sales,
HOGLY WOGLY #8,Tri-Eagle Sales,
GATE SERVICE STATION #1194,Tri-Eagle Sales,
MARKS 9 FOOD & GAS,Tri-Eagle Sales,
BEEF O BRADYS - CAP CIR SE,Tri-Eagle Sales,
THE GOVERNORS CLUB,Tri-Eagle Sales,
ISABELLAS PIZZERIA,Tri-Eagle Sales,
SEMINOLE LEGACY GOLF CLUB,Tri-Eagle Sales,
MOM AND DAD S RESTAURANT - NORTH,Tri-Eagle Sales,
KILLEARN COUNTRY CLUB,Tri-Eagle Sales,
HUMMINGBIRD WINE BAR,Tri-Eagle Sales,
MAHAN PETRO,Tri-Eagle Sales,
DOC S LIQUORS HAVANA,Tri-Eagle Sales,
FLAMINGOZ A TASTE OF MIAMI,Tri-Eagle Sales,
SAKURA JAPANESE SUSHI AND GRILL,Tri-Eagle Sales,
AMI 101 FOOD MART,Tri-Eagle Sales,
FUMA CIGAR SOCIAL,Tri-Eagle Sales,
BLU HALO (THE),Tri-Eagle Sales,
WAKULLA SANDS GOLF CLUB,Tri-Eagle Sales,
HWY 20 FOOD MART,Tri-Eagle Sales,
NORTHGATE SHELL,Tri-Eagle Sales,
FOUR POINTS BY SHERATON TALL DOWNTO,Tri-Eagle Sales,
BJS RESTURANT AND BREWHOUSE,Tri-Eagle Sales,
BURNED BEARD BREWING,Tri-Eagle Sales,
SONNY S N. MONROE,Tri-Eagle Sales,
ORCHARD POND ORGANICS,Tri-Eagle Sales,
SUSHI SIAM,Tri-Eagle Sales,
SPEAR IT LIQUORS,Tri-Eagle Sales,
MARKET LIQUOR - APLA PKWY,Tri-Eagle Sales,
ISLAND DOG BEACH AND SURF,Tri-Eagle Sales,
TAKKO KOREAN TAQUERIA2,Tri-Eagle Sales,
FRED GEORGE CHEVRON #4015,Tri-Eagle Sales,
HAPPY FOOD & GAS,Tri-Eagle Sales,
CENTERVILLE MART,Tri-Eagle Sales,
VICTORY FOOD MART,Tri-Eagle Sales,
CAMPUS EXPRESS ONYX,Tri-Eagle Sales,
SMORGASBORD CATERING,Tri-Eagle Sales,
SAN MARCOS SHELL,Tri-Eagle Sales,
LAKE JACKSON PANTRY,Tri-Eagle Sales,
ASAP SMOKE SHOP - JACKSON BLUFF,Tri-Eagle Sales,
SWEET BOOZY CAKES BAKERY & CAFE,Tri-Eagle Sales,
SEINEYARD AT WILDWOOD,Tri-Eagle Sales,
MARKET SQUARE LIQUOR #3,Tri-Eagle Sales,
COUNTRY CORNER SHELL,Tri-Eagle Sales,
THE CHILL SPOT,Tri-Eagle Sales,
GEO S POOL & PUB_2,Tri-Eagle Sales,
THE BARK,Tri-Eagle Sales,
TAKKO KOREAN TAQUERIA,Tri-Eagle Sales,
TARA ANGEL S MAGIC,Tri-Eagle Sales,
ARGONAUT COFFEE,Tri-Eagle Sales,
HALF TIME - LAKE BRADFORD RD.,Tri-Eagle Sales,
DAVES PIZZA GARAGE,Tri-Eagle Sales,
RED PIRATE FAMILY BAR & GRILL,Tri-Eagle Sales,
MANGO MIKE S SPORTS BAR & GRILL,Tri-Eagle Sales,
LEMON & THYME,Tri-Eagle Sales,
HARRY A S BAR & GRILL,Tri-Eagle Sales,
PRIME TIME ADDAAA,Tri-Eagle Sales,
MASA RESTAURANT LLC,Tri-Eagle Sales,
THE SOUND BAR,Tri-Eagle Sales,
THE RED SHED OF TALLAHASSEE,Tri-Eagle Sales,
JERIS,Tri-Eagle Sales,
3 GUYS OF TALLAHASSEE,Tri-Eagle Sales,
NELSONS BURGER BAR,Tri-Eagle Sales,
POCO VINO,Tri-Eagle Sales,
HAVANA SPRINGS RESORT,Tri-Eagle Sales,
MCKENZIE MARKETS #12,Tri-Eagle Sales,
VINEYARD SHELL,Tri-Eagle Sales,
LYNNS LIQUOR STORE,Tri-Eagle Sales,
SPRING CREEK CORNER,Tri-Eagle Sales,
WING STOP #1,Tri-Eagle Sales,
FLY BY PHILLY S,Tri-Eagle Sales,
DON JULIO S BAR AND GRILL,Tri-Eagle Sales,
LLOYD LIQUORS,Tri-Eagle Sales,
VALE FOOD CO.,Tri-Eagle Sales,
MADDIES MARKET,Tri-Eagle Sales,
TALLY CAT CAFE LLC,Tri-Eagle Sales,
STIX POOL AND BAR,Tri-Eagle Sales,
TALLAHASSEE AUTOMOBILE MUSEUM,Tri-Eagle Sales,
MADISON GOLF AND COUNTRY CLUB,Tri-Eagle Sales,
ALLUXSUITES @ 1876,Tri-Eagle Sales,
WESTWOOD SHELL,Tri-Eagle Sales,
GAINES STREET SHELL,Tri-Eagle Sales,
OSAKA JAPANESE STEAK HOUSE & SUSHI,Tri-Eagle Sales,
PJS LIQUOR,Tri-Eagle Sales,
HALFTIME II,Tri-Eagle Sales,
21 T MAGNOLIA - ZODIAC SMOKE SHOP,Tri-Eagle Sales,
LA TIENDITA RESTAURANT LLC,Tri-Eagle Sales,
EARLEY S KITCHEN,Tri-Eagle Sales,
SEVENTH HILL TAP ROOM,Tri-Eagle Sales,
LOFTY PURSUITS,Tri-Eagle Sales,
WING STOP,Tri-Eagle Sales,
MA S DINER,Tri-Eagle Sales,
BUFFALO WILD WINGS,Tri-Eagle Sales,
GOODWOOD MUSEUM AND GARDENS,Tri-Eagle Sales,
CITY DOGS CAFE,Tri-Eagle Sales,
DEAR SUNDAY CAFE COMPANY,Tri-Eagle Sales,
TIDE CREEK COASTAL MARKET,Tri-Eagle Sales,
FATHOMS STEAM ROOM & RAW BAR,Tri-Eagle Sales,
MADISON LIQUOR-RADHE 9,Tri-Eagle Sales,
GOLDEN FALCON LIQUOR-QUINCY,Tri-Eagle Sales,
SHARK 28 ENTERPRISES,Tri-Eagle Sales,
THE BEACH PIT,Tri-Eagle Sales,
SAVOUR,Tri-Eagle Sales,
(B) AW BAR,Pepin,
SPANKYS PLACE INC,Pepin,
LEE GROCERY,Pepin,
FRESH MARKET - HNDRSN,Pepin,
(B) ROLLIN MULLET,Pepin,
ABC LIQUORS 107,Pepin,
CITY BEVERAGES - ORLANDO,Pepin,
ABC LIQUORS STORE  86,Pepin,
ABC LIQUORS 85,Pepin,
ABC LIQUORS 95,Pepin,
FRESH MARKET 36,Pepin,
(B) THE INDEPENDENT,Pepin,
(B) GASPARILLA PIZZER,Pepin,
(B) THE HEIGHTS SHUFFLE,Pepin,
(B) LOWRY PARK ZOO,Pepin,
(B) BOTTLESMITH,Pepin,
(B) THIRSTY BUFFALO BREW,Pepin,
(B) WORLD OF BEER,Pepin,
(B) JUG & BOTTLE DEPT,Pepin,
(B) 3 CORNERS PIZZA,Pepin,
(B) RENAISSANCE HOTEL,Pepin,
THE PINT AND BREW,Pepin,
(B) LOWRY PARCADE &TAVERN,Pepin,
(B) BILMAR STATION II,Pepin,
NEW SPECIAL EVENT FORM,Pepin,
(C)ROLLIN OATS MKT & CAFE,Pepin,
WORLD OF BEERS - TAMPA,Pepin,
KEEL & CURLEY WINERY,Pepin,
(B) HIGHLAND AXE THROWING,Pepin,
(B) BREWLANDS BAR & BILL,Pepin,
BENCHMARK INTL ARENA,Pepin,
JOSEPHINES ITALIAN MKT,Pepin,
(B) KING CORONA CIGAR,Pepin,
(B) CAPPY PIZZA,Pepin,
(B) WORLD OF BEERS,Pepin,
(B) ROOTS TAP ROOM & WINE,Pepin,
(B) CAPPY S PIZZERIA,Pepin,
(B) EDISON FOOD & DRINK,Pepin,
(B) CIGARS ON THE BLVD,Pepin,
T-TERRACE CRAFT BREW FEST,Pepin,
(B) BAD MONKEY YBOR LLC,Pepin,
LARA,Pepin,
HEIGHTS DRIVE THRU LLC,Pepin,
BLIND TIGER,Pepin,
(C)(B) THE WICKED POUR,Pepin,
HALES BLACKBRICK HYD,Pepin,
INTERNATIONAL BEER GA,Pepin,
(B) JAMES JOYCE IRISH PUB,Pepin,
(B) CIGAR CITY CIDER&MEAD,Pepin,
(B) BJS REST & BREWHOUSE,Pepin,
(C)(B) MELTING POT SOCIAL,Pepin,
(B) MR.DZ,Pepin,
DUCKWEED URBAN GROCERY,Pepin,
(B) APOLLO BEACH SOCIETY,Pepin,
(B) WORLD OF BEERS/BLEND,Pepin,
(C)KING OF THE COOP,Pepin,
(B) TAMPA BAY BREWING II,Pepin,
BAY AREA RENAISSANCE FESTIVAL,Pepin,
(C)(NS)(B) DUCKYS,Pepin,
CARROLLWOOD FINE WINE,Pepin,
CAPPY  S TAMPA,Pepin,
(B) WORLD OF BEER-BR,Pepin,
(B) YBOR CITY TAP HOUSE,Pepin,
(B) EMBASSY SUITES HILTON,Pepin,
GREAT BAY - ST. PETE,Pepin,
BARNS & BEER,Pepin,
KWIK STOP - WESTSHORE,Pepin,
WHOLE FOODS MARKET-NOR,Pepin,
(B) FORDS GARAGE,Pepin,
BARCELONA WINE BAR,Pepin,
(B) THE FALLS/PEABODY S,Pepin,
(B) TWO SHEPHERDS TAPROOM,Pepin,
(B) BIN + BOARD,Pepin,
BAMBOOZLE HEIGHTS,Pepin,
(NS)(B) DADE CITY LODGE,Pepin,
14K FOOD MART,Pepin,
(B) DI COFFEE BAR LLC,Pepin,
(C)(B) HEIGHTS MEAT MKT,Pepin,
(NS)SOUL DE CUBA CAFE,Pepin,
THE POUR HOUSE,Pepin,
(B) VELVET GYPSY,Pepin,
(B) BRASS TAP,Pepin,
(B) HOTWAX,Pepin,
(B) OAK & OLA,Pepin,
CHARANNS TAVERN,Pepin,
(B) BOBS BERRIES,Pepin,
(B) J. ALEXANDER S REST,Pepin,
(B) MELLOW MUSHROOM-BRAND,Pepin,
(B) COPPER SHAKER,Pepin,
(B) TAMPA YACHT & CC,Pepin,
(B) THE SOHO BACKYARD,Pepin,
MOTORWORKS BREWING TAPRM,Pepin,
CASA DE MONTECRISTO,Pepin,
(C)(B) THE C HOUSE,Pepin,
(B) THOMAS P S SPORTS BAR,Pepin,
BROTHER ITALIAN REST,Pepin,
(B) TAPPER PUB,Pepin,
WIREGRASS RANCH SPORTS COMPLEX,Pepin,
(B) HARRYS LIQUOR,Pepin,
ROBBY S LIQUOR III,Pepin,
BOTTLE RACK,Pepin,
(B) GRILL AND PROVISIONS,Pepin,
(B) YBOR CITY WINE BAR,Pepin,
(B) DUCKWEED URBAN MARKET,Pepin,
SO HO GOURMET MART,Pepin,
DUCK GAS,Pepin,
CHEESEOLOGY,Pepin,
(B) THE PANTRY,Pepin,
(B) MERMAID LOUNGE,Pepin,
TAMPA BAY RUM COMPANY,Pepin,
(B) BRASS TAP NDM,Pepin,
(B) WINTHROP LIQUORS,Pepin,
CHUCK E CHEESE S NDM,Pepin,
(B) STARKEY MARKET,Pepin,
(B) THE DIRTY SHAME,Pepin,
(B) FAT RABBIT PUB,Pepin,
(B) TALKING PINT,Pepin,
(B) FRIENDLY TARPON TAVER,Pepin,
(B) AL S FAMOUS PIZZA,Pepin,
(C)(B) BRICK S SMOKED MEATS,Pepin,
(C)(B) FOUNDATION COFFEE,Pepin,
THE RESERVOIR BAR,Pepin,
(B) COUNTER CULTURE,Pepin,
(B) HIDDEN SPRINGS ALE,Pepin,
SANTELLI PIZZA & PASTA,Pepin,
(B) CAPPY S PIZZA,Pepin,
(B) BEEF O BRADY S,Pepin,
ASH & ALTER EGO,Pepin,
COMMANDOUGHS,Pepin,
(B) SALLY O NEALS PIZZA,Pepin,
(B) WILLA S,Pepin,
(B) EPICUREAN HOTEL,Pepin,
THE PRESS BOX,Pepin,
(B) PALMA CEIA GOLF & CC,Pepin,
(B) SACRED PEPPER,Pepin,
BROWNWOOD CITY FIRE,Tri-Eagle Sales,
GATORS DOCKSIDE NEWBERRY,Tri-Eagle Sales,
GATORS DOCKSIDE,Tri-Eagle Sales,
GATOR S DOCKSIDE,Tri-Eagle Sales,
HORSE AND HOUND,Tri-Eagle Sales,
BIG HAMMOCK BREWERY & BITES,Tri-Eagle Sales,
MELLOW MUSHROOM,Tri-Eagle Sales,
JUNIPER GENERAL STORE,Tri-Eagle Sales,
TIPPLE S BREWS OF GAINESV,Tri-Eagle Sales,
STONEWATER CLUB,Tri-Eagle Sales,
EARTH FARE #562,Tri-Eagle Sales,
ABC LIQUORS #112,Tri-Eagle Sales,
PUB THE,Tri-Eagle Sales,
BLUEGILLS QUALITY FOODS,Tri-Eagle Sales,
CREEKS 19TH,Tri-Eagle Sales,
CAPRICIOUS,Tri-Eagle Sales,
PROVISIONS  GROCERIES & ESSENTIALS-,Tri-Eagle Sales,
THE DEPOT STATION,Tri-Eagle Sales,
CHIEFLAND BILLIARDS,Tri-Eagle Sales,
FLYING BOAT TAP ROOM,Tri-Eagle Sales,
CRAFTY BASTARDS BOTTLE SH,Tri-Eagle Sales,
PUBLIX #680,Tri-Eagle Sales,
THE TIPSY SKIPPER,Tri-Eagle Sales,
WORLD OF BEER,Tri-Eagle Sales,
MI FAMILIA MEXICANA,Tri-Eagle Sales,
OLD MILL PLAYHOUSE,Tri-Eagle Sales,
ESCAPOLOGY,Tri-Eagle Sales,
THE BOURBON BARN,Tri-Eagle Sales,
THE TOP RESTAURANT,Tri-Eagle Sales,
THE GOOD POUR GAINESVILLE,Tri-Eagle Sales,
MILDRED S BIG CITY FOOD,Tri-Eagle Sales,
SAWGRASS TAVERN,Tri-Eagle Sales,
THE CLUB AT OCALA PRESERVE (TRILOGY,Tri-Eagle Sales,
BLACKWATER GRILL,Tri-Eagle Sales,
EDNA S ON THE GREEN,Tri-Eagle Sales,
BJ S BREWHOUSE,Tri-Eagle Sales,
PIESANOS #3,Tri-Eagle Sales,
CRAZY CUCUMBER MARKET STREET,Tri-Eagle Sales,
BOCA FIESTA/THE PALOMINO,Tri-Eagle Sales,
SUPERETTE WINE,Tri-Eagle Sales,
MACDINTONS IRISH PUB GVL,Tri-Eagle Sales,
TAPHOUSE SOCIAL,Tri-Eagle Sales,
LOOSEYS,Tri-Eagle Sales,
SATCHEL S PIZZA,Tri-Eagle Sales,
MIDICI-THE NEAPOLITAN,Tri-Eagle Sales,
THE LODGE OCALA PUB & EATERY,Tri-Eagle Sales,
DRIFTWOOD BAR AND GRILL,Tri-Eagle Sales,
BROOKLYN PIZZERIA & RESTAURANT,Tri-Eagle Sales,
DOWNTOWN BILLIARDS,Tri-Eagle Sales,
NEWBERRY LIQUOR,Tri-Eagle Sales,
MAGUIRES SPORTS BAR,Tri-Eagle Sales,
CHAMPIONS RUN RV RESORT,Tri-Eagle Sales,
THE BULL,Tri-Eagle Sales,
BLUE HIGHWAY AT TIOGA,Tri-Eagle Sales,
DARRELL S DINER #22,Tri-Eagle Sales,
THE PRESERVE GOLF CLUB (DUNNELLON),Tri-Eagle Sales,
THE BLACK SHEEP ON BROADWAY,Tri-Eagle Sales,
SPEEDY FOODS,Tri-Eagle Sales,
SPROUTS #650,Tri-Eagle Sales,
DRY WROUGHT TAPROOM,Tri-Eagle Sales,
THE IVY HOUSE OF OCALA,Tri-Eagle Sales,
18 SOUTH,Tri-Eagle Sales,
WARDS SUPERMARKET INC,Tri-Eagle Sales,
SYMMETRY COFFEE CO.,Tri-Eagle Sales,
BLUE HIGHWAY-A PIZZERIA,Tri-Eagle Sales,
METRO FOOD MART,Tri-Eagle Sales,
BLACKADDER BREWING CO,Tri-Eagle Sales,
GREEN GAITS LLC,Tri-Eagle Sales,
ARCADE PLEX,Tri-Eagle Sales,
V PIZZA,Tri-Eagle Sales,
PIESANOS STONE FIRED PIZZA,Tri-Eagle Sales,
THE ALIBI,Tri-Eagle Sales,
CASTAWAYS BAR & GRILL,Tri-Eagle Sales,
WEST END TAVERN,Tri-Eagle Sales,
PERI PERI CHICKEN GRILL,Tri-Eagle Sales,
TOP HOG OAKS MALL,Tri-Eagle Sales,
SPECIAL EVENT OCALA,Tri-Eagle Sales,
FRAT ORDER/EAGLES #4251,Tri-Eagle Sales,
STELLAS THE MODERN PANTRY,Tri-Eagle Sales,
EATONS BEACH SANDBAR & GRILL,Tri-Eagle Sales,
THAT BAR AND TABLE,Tri-Eagle Sales,
ISLAND GROVE WINE COMPANY,Tri-Eagle Sales,
WILDWOOD VINEYARD & EVENTS,Tri-Eagle Sales,
MA N PA EXPRESS,Tri-Eagle Sales,
GATOR BEVERAGE INC,Tri-Eagle Sales,
V UNIQUE LIQUORS_2,Tri-Eagle Sales,
SANDY S SHACK,Tri-Eagle Sales,
DORNS WEST LIQUORS & WINE,Tri-Eagle Sales,
FAIRFIELD INN AND SUITES,Tri-Eagle Sales,
THE CLUB AT IRON LAKE,Tri-Eagle Sales,
PINK FLAMINGO,Tri-Eagle Sales,
DRAGON FLOWER WINERY,Tri-Eagle Sales,
SYCAMORE LANE VINTAGE,Tri-Eagle Sales,
CATFISH JOHNNY S,Tri-Eagle Sales,
AMY S PLACE,Tri-Eagle Sales,
BAY LAKE COMPLEX (DISNEY),City Bev,
PROFESSIONAL CONCESSIONS,City Bev,
A LA CART,City Bev,
SANDWICH BAR,City Bev,
BRONSON LIQUORS II,City Bev,
THE COMMISSION,City Bev,
BLAZE FAST FIRED PIZZA ST,City Bev,
A LA CART LLC,City Bev,
A LA CART-DOWNTOWN,City Bev,
DIGRESS WINE,City Bev,
STP PALACE (THE),City Bev,
BJ S RESTAURANT OSCEOLA,City Bev,
THE GOOD POUR WINTER PARK,City Bev,
SUD S SALOON,City Bev,
ROQUE PUB,City Bev,
REGENCY WINE & LIQ CLOSED,City Bev,
ABC LIQUORS #52,City Bev,
BACK 40 WINE CO,City Bev,
THIRSTY TOPHER-CLOSED,City Bev,
VENTURA COUNTRY CLUB COMM,City Bev,
BEER SPA,City Bev,
FREEHAND GOODS,City Bev,
THE GOOD POUR,City Bev,
THE BUREAU ADVENTURE GAME,City Bev,
POUR CHOICE,City Bev,
SUDS BOTTLESHOP AND SALOO,City Bev,
LAKE SIDE RECEPTION HALL,City Bev,
THE BAO SPOT,City Bev,
BRONSON LIQUORS,City Bev,
PADDYWAGON IRISH PUB,City Bev,
ZYMARIUM MEADERY LLC,City Bev,
FORD S GARAGE,City Bev,
DELI DOWNTOWN (THE),City Bev,
ST CLOUD LEVEE LIQ. & GAS,City Bev,
STUBBORN MULE (THE),City Bev,
TIN & TACO,City Bev,
BARRELS AND BOARDS,City Bev,
POSTO PIZZA,City Bev,
MOONCRICKET GRILLE,City Bev,
TACTICAL BREWING COMPANY,City Bev,
ROSEN SHINGLE CREEK RESOR,City Bev,
CRUSH YARD,City Bev,
MISSION BBQ,City Bev,
LAZY MOON UCF,City Bev,
HIDEAWAY (THE),City Bev,
EOLA WINE COMPANY,City Bev,
MDP PRODUCE,City Bev,
MAXINES ON SHINE,City Bev,
NORAS SUGAR SHACK,City Bev,
PIG FLOYDS URBAN BABAKOA,City Bev,
SPORTSTOWN ORLANDO-CLOSED,City Bev,
SEABRA FOODS XIC INC,City Bev,
SHAMROCK BEVERAGE,City Bev,
RIGHTWAY CITGO,City Bev,
ROYAL PACIFIC RESORT,City Bev,
PARTIN LIQUORS,City Bev,
A PLUS LIQUORS,City Bev,
NATIONAL SUPERMARKET,City Bev,
CITGO/KRAVE STATION,City Bev,
HOLIDAY INN ORLANDO INTER,City Bev,
CASEY S ON CENTRAL,City Bev,
PUB ORLANDO (THE),City Bev,
KNIGHTLY SPIRITS @ WINDER,City Bev,
MURPHY S PUB,City Bev,
LAKE MINNEOLA INN,City Bev,
ROCK & BREWS (KISSIMMEE),City Bev,
GRAVITY TAPROOM,City Bev,
RUSTEAK REST. & WINE BAR,City Bev,
CELEBRATION BREWING CO,City Bev,
ARTISAN PARK SERVICE AREA,City Bev,
CANOE CREEK SPORTS TAVERN,City Bev,
MAGNOLIA HOUSE,City Bev,
BREEZE,City Bev,
ZIGGIE S PIZZA,City Bev,
THE BACKYARD,City Bev,
BACKSTAGE BILLIARD I-DRIV,City Bev,
HARBOUR LAKE,City Bev,
CHARCUTERIE AND CHILL,City Bev,
EOLA GENERAL,City Bev,
WILLS PUB,City Bev,
D SPACE,City Bev,
MJM FOOD STORE,City Bev,
ABC LIQUORS #149,City Bev,
PLAYER 1,City Bev,
MOORSHIRE MARATHON,City Bev,
BLACK BEAR KITCHEN-CLOSED,City Bev,
CORELLI S PANTRY,City Bev,
SUNOCO PLANT ST,City Bev,
FOOD MART GOLDENROD,City Bev,
LOADING...GASTROBRUNCH,City Bev,
BACKSTAGE BILLIARD LBV,City Bev,
HEN AND HOG,City Bev,
SIMPLY CHEESE,City Bev,
BADFINS BREW & FOOD,Progressive Distributing,
ENGINE NO 9,Progressive Distributing,
LUCKY LIZARD TAP HOUSE,Progressive Distributing,
OLD NORTHEAST RALLY,Progressive Distributing,
CHAREL UPTOWN,Progressive Distributing,
WHEELHOUSE-ST PETE (THE),Progressive Distributing,
BAR FLY-SALTWATER GRILL,Progressive Distributing,
STOP N GO BRYAN DAIRY,Progressive Distributing,
PISTIL HOUSE,Progressive Distributing,
GOLDEN ISLES BREWING,Progressive Distributing,
SAMS SUNOCO,Progressive Distributing,
WELTON BREWING COMPANY,Progressive Distributing,
MOXY ST PETE,Progressive Distributing,
THE PELICAN,Progressive Distributing,
AMERICAN SPIRITS,Progressive Distributing,
DUNEDIN SMOKEHOUSE (THE),Progressive Distributing,
BEERBUSTERS,Progressive Distributing,
PASADENA YACHT AND CC,Progressive Distributing,
MELLOW MUSHROOM PIZZA,Progressive Distributing,
ABC LIQUORS #049,Progressive Distributing,
TRUCK & LADDER BREWING(C),Progressive Distributing,
CLEARSKY DRAUGHT HAUS,Progressive Distributing,
BJ S REST/BREWHSE #521,Progressive Distributing,
CALEDONIA BREWING,Progressive Distributing,
NEIGHBORHOOD BARK & BOUTI,Progressive Distributing,
SALTY SOUL ISLAND KITCHEN,Progressive Distributing,
TROUBLED WATERS BREWING,Progressive Distributing,
BREWLANDS BAR & BILLIARDS,Progressive Distributing,
BRUTIQUE,Progressive Distributing,
GOOD INTENTIONS,Progressive Distributing,
LITTLE LAMB GASTROPUB,Progressive Distributing,
PENINSULA BED & COCKTAILS,Progressive Distributing,
JENSEN BROS SEAFOOD,Progressive Distributing,
CONCH REPUBLIC GRILL/RAW,Progressive Distributing,
OSTERIA POLLANI,Progressive Distributing,
CATEGORY 36 TAPHOUSE(C),Progressive Distributing,
TAPHOUSE 61,Progressive Distributing,
BAR 23FIFTY,Progressive Distributing,
CONCRETE JUNGLE,Progressive Distributing,
1/2 WAY TO TB BEER WEEK,Progressive Distributing,
FRESH MARKET INC STP,Progressive Distributing,
ROSIES TAVERN,Progressive Distributing,
TROPICANA GRILL,Progressive Distributing,
OAK & STONE,Progressive Distributing,
BUYA(C),Progressive Distributing,
SONDER SOCIAL CLUB,Progressive Distributing,
HONU RESTAURANT (THE),Progressive Distributing,
URBAN BREW & BBQ(C),Progressive Distributing,
RIGHT AROUND THE CORNER,Progressive Distributing,
SCREAMING JALAPENO (THE),Progressive Distributing,
BELLEAIR MARKET,Progressive Distributing,
BEER WORLD OF LARGO,Progressive Distributing,
TIERRA VERDE RESIDNCE INN,Progressive Distributing,
THE VORTEX,Progressive Distributing,
KITCHEN & BAR AT GRN SPRG,Progressive Distributing,
NOLANS PUB,Progressive Distributing,
ALE & (THE)WITCH (THE),Progressive Distributing,
TONY & NELLOS,Progressive Distributing,
1933 PUB AND GRILL(C),Progressive Distributing,
NAUTICAL BREWS PIZZA,Progressive Distributing,
HYATT PLACE ST PETE,Progressive Distributing,
PAR BAR,Progressive Distributing,
PIZZA SHACK RESTAURANT,Progressive Distributing,
SHAKER & PEEL,Progressive Distributing,
THE BRINEHOUSE,Progressive Distributing,
PAJANO S PIZZA & TAPHOUS,Progressive Distributing,
DOG BAR  THE,Progressive Distributing,
ISLANDER MARKET,Progressive Distributing,
HOLIDAY INN EXPRESS & SUI,Progressive Distributing,
BANANAS RECORDS,Progressive Distributing,
OYSTER SHUCKER CRFT & DFT,Progressive Distributing,
STUDIO PUBLIC HOUSE (THE),Progressive Distributing,
FRENCHYS STONE CRAB SEAFO,Progressive Distributing,
COLONY GRILL,Progressive Distributing,
CRAFT KAFE METRO(C),Progressive Distributing,
THE SHRIMP SHACK,Lewis Bear,
THE EDGE SEAFOOD RESTAURANT,Lewis Bear,
KWIKER LIQUOR #3,Lewis Bear,
SCALLOP COVE,Lewis Bear,
HAMMOCK BAY GENERAL STORE 20,Lewis Bear,
CURVE PACKAGE & LOUNGE THE,Lewis Bear,
ST JOE SHRIMP,Lewis Bear,
1901 ON MAIN LLC,Lewis Bear,
POINT BREAK ARCADE,Lewis Bear,
MCDANIEL S GROCERY,Lewis Bear,
SCALLOP REPUBLIC LLC,Lewis Bear,
APALACHICOLA YACHT CLUB,Lewis Bear,
DONOVAN S 4,Lewis Bear,
MEXICO BEACH WINE & SPIRITS,Lewis Bear,
DONOVAN S 1,Lewis Bear,
THE BAY,Lewis Bear,
HURRICANE OYSTER BAR & GRILL,Lewis Bear,
KWIKER LIQUOR,Lewis Bear,
THE MILL,Lewis Bear,
CHIPOLA LIQUORS & MORE INC,Lewis Bear,
WINE WORLD GRAND BLVD,Lewis Bear,
SUNSTOP #798,Lewis Bear,
SUNSTOP #730,Lewis Bear,
SUNSHINE FOOD MART_2,Lewis Bear,
CHAN S WINE WORLD OF FLORIDA,Lewis Bear,
THE GULF CLUB,Lewis Bear,
IDYLL HOUND PROPER,Lewis Bear,
GROWLER GARAGE,Lewis Bear,
SANDBAR SEAFOOD HOUSE & DELI,Lewis Bear,
CHIPLEY STATION,Lewis Bear,
PEDDLER S PUB,Lewis Bear,
ST. JOE BAR & PACKAGE,Lewis Bear,
THE MILL MERCANTILE & SOCIAL,Lewis Bear,
ABC LIQUORS #218,Lewis Bear,
CORNER POCKET THE,Lewis Bear,
ST ANDY S SPORTS PUB,Lewis Bear,
BEACH & BREW ON 30A LLC,Lewis Bear,
HARBOR CRAFT BAR,Lewis Bear,
THE BRASS TAP,Lewis Bear,
PIGGLY WIGGLY 15TH STREET,Lewis Bear,
HAUGHTY HERON,Lewis Bear,
INDIAN PASS GENERAL STORE,Lewis Bear,
BURGUNBARREL,Lewis Bear,
SOLA COFFEE BAR LLC,Lewis Bear,
RED DOOR THE - DESTIN,Lewis Bear,
FINNS BARISTA BAR AT LITTLE VILLAGE,Lewis Bear,
BISTRO PALMS,Lewis Bear,
THE DIVE,Lewis Bear,
BELLE S WINERY AND SALOON,Lewis Bear,
ST ANDREWS SLICE HOUSE,Lewis Bear,
BOGGY BAYOU CONV STORE,Lewis Bear,
CALLAWAY SLICE HOUSE,Lewis Bear,
RACEWAY -DESTIN,Lewis Bear,
HONEY HOLE LIQUORS,Lewis Bear,
BUDDYS FOOD MART #3,Lewis Bear,
SOUTHERN ROOTS BAR AND GRILL,Lewis Bear,
AMI 100 FOOD STORE,Lewis Bear,
NEWBYS LIQUORS,Lewis Bear,
COWGIRL KITCHEN MARKET,Lewis Bear,
RED WHITE AND BREW INC,Lewis Bear,
LONGBILLS PUB & GRUB,Lewis Bear,
CHRISTO S SPORTS BAR AND GRILL,Lewis Bear,
PICKLES BURGER & SHAKE,Lewis Bear,
DOWNTOWN SLICE HOUSE,Lewis Bear,
MARRIOTT S LEGENDS EDGE AT BAY,Lewis Bear,
NEONS BEACH SHACK,Lewis Bear,
TAPROOT,Lewis Bear,
KEEPER S BISTRO & BAR,Lewis Bear,
MASON S FAMOUS LOBSTER ROLLS,Lewis Bear,
DONATIONS,Lewis Bear,
CAROUSEL THE,Lewis Bear,
SAM S SIMPLY SEAFOOD,Lewis Bear,
WINE WORLD NICEVILLE,Lewis Bear,
WEST END LIQUORS,Lewis Bear,
BLUEWATER FOOD MART,Lewis Bear,
SALTY HOBO,Lewis Bear,
PANAMA CITY BEACH WINERY,Lewis Bear,
DESTIN ICE SEAFOOD & MARKET 30,Lewis Bear,
BEEF O BRADY S - TVILLE,Johnson Distributing,
HUBS AND HOPS,Johnson Distributing,
OM LIQUORS,Johnson Distributing,
LIQUOR BARN,Johnson Distributing,
LC S SPORTS BAR,Johnson Distributing,
LONGHORN #5365,Johnson Distributing,
BOB & JEFF S IGA,Johnson Distributing,
RUMRUNNER S,Johnson Distributing,
ST JAMES OYSTER CO,Johnson Distributing,
RACKS,Johnson Distributing,
SALTY SNAPPER,Johnson Distributing,
AMERICAN LEGION - WILLIAM,Johnson Distributing,
LIQUOR KING,Johnson Distributing,
BILLARD ACADEMY,Johnson Distributing,
FAIRWAY TAVERN,Johnson Distributing,
CORK AND BARREL,Johnson Distributing,
WOODEN NICKEL - PERIMETER,Johnson Distributing,
MOON SPIN,Johnson Distributing,
NEW CUSTOMER,Johnson Distributing,
7 DAYS LIQUOR,Johnson Distributing,
MOM & DAD S - TVILLE,Johnson Distributing,
PLAZA RESTAURANT,Johnson Distributing,
LIAM S RESTAURANT,Johnson Distributing,
THE DOG AND PONY,Johnson Distributing,
MAFB-FIELD CLUB PROM,Johnson Distributing,
MID STREET BAR & GRILL,Johnson Distributing,
THE TAVERN ON BROAD,Johnson Distributing,
MADISON PKG STORE,Johnson Distributing,
MITTY S - VALDOSTA,Johnson Distributing,
THE KICKSTAND,Johnson Distributing,
FAST BREAK LIQUOR,Johnson Distributing,
BIG NICK S,Johnson Distributing,
THE SILO,Johnson Distributing,
UNCLE CARLO S ITALIAN RES,Johnson Distributing,
SUSIE Q S #27 - JACKSON,Johnson Distributing,
BROOKS LIQUOR,Johnson Distributing,
EXIT 18 LIQUORS,Johnson Distributing,
HOMETOWN LIQUORS,Johnson Distributing,
RAILROAD PACKAGE,Johnson Distributing,
HOLIDAY SPIRITS,Johnson Distributing,
1ST CHOICE STORES,Johnson Distributing,
BUBBA JAX CRAB SHACK,Johnson Distributing,
LIQUOR LOFT,Johnson Distributing,
WOODSTACK BBQ TVILLE,Johnson Distributing,
FABULOUS PIZZA,Johnson Distributing,
WOODSTACK BBQ - VALD,Johnson Distributing,
KINDERLOU FORREST GOLF CL,Johnson Distributing,
BARWICK BILLIARDS,Johnson Distributing,
BROOKS BEVERAGE,Johnson Distributing,
MOM & DAD S - VALDOSTA,Johnson Distributing,
J S WINE & SPIRITS,Johnson Distributing,
PIT STOP LIQUORS,Johnson Distributing,
MO S MEDITERRANIAN TABLE,Johnson Distributing,
HAHIRA LIQUORS,Johnson Distributing,
PICASSOS PIZZERIA,North Florida Sales,
LEADERBOARD ARCADE BAR & PIZZERIA (,North Florida Sales,
REALLY GOOD BEER STOP (PINE LAKE DR,North Florida Sales,
INK & BARLEY,North Florida Sales,
FORGOTTEN TONIC,North Florida Sales,
V PIZZA (MANDARIN),North Florida Sales,
BEER 30 INC (KEG & COIN - KING ST),North Florida Sales,
SPINSTER ABBOTT S,North Florida Sales,
BEER:30 (SAN MARCO),North Florida Sales,
CANDLELIGHT SOUTH RESTAUR,North Florida Sales,
NATIVE SUN NATURAL FOODS-BEACH,North Florida Sales,
ABC LIQUORS #190,North Florida Sales,
SILVER COW,North Florida Sales,
RIVERSIDE CRAFT BEER FESTIVAL,North Florida Sales,
MUGGSY S,North Florida Sales,
BACK 40 URBAN FRESH (FRUIT COVE),North Florida Sales,
ALEWIFE,North Florida Sales,
SAFEWAY DISCOUNT BEVERAGES #3,North Florida Sales,
ROOT DOWN,North Florida Sales,
PROSPECT FIVE POINTS,North Florida Sales,
NOCATEE AMENITY CENTER,North Florida Sales,
STOGIES CIGAR EMPORIUM,North Florida Sales,
DART BAR,North Florida Sales,
BLUE JAY LISTENING ROOM,North Florida Sales,
BEDLAM BREWING COMPANY,North Florida Sales,
MELLOW MUSHROOM PIZZA BAKERS (DEERL,North Florida Sales,
THE CAVERN (SAN JOSE),North Florida Sales,
FRESH MARKET #0025 - LIQUOR,North Florida Sales,
POUR TAPROOM,North Florida Sales,
PINSIPIRATION - PONTE VEDRA,North Florida Sales,
PRESS,North Florida Sales,
HOPPY PORCH LLC,North Florida Sales,
CITY PERKS FORT ALLEY  STOGIES CIGA,North Florida Sales,
SOUTHERN STEER BUTCHER,North Florida Sales,
BROUDYS CUT RATE LIQUORS (PONCE DE,North Florida Sales,
THE BREW SHED,North Florida Sales,
TREASURY ON THE PLAZA,North Florida Sales,
PJD S,North Florida Sales,
VINNYS PLACE,North Florida Sales,
PJ LIQUOR (PONCE DE LEON),North Florida Sales,
SHORES FINE WINE & SPIRITS @ SAN PA,North Florida Sales,
ROYAL PALM VILLAGE WINE & TAPAS,North Florida Sales,
AXE CHAMPS INC,North Florida Sales,
RENDEZVOUS WINE & FOOD BA,North Florida Sales,
HARPOON LOUIES,North Florida Sales,
JIMMY HULA S OF ST AUG,North Florida Sales,
AUGGIES DRAFT ROOM,North Florida Sales,
SOLIDS & STRIPES BILLIARDS,North Florida Sales,
V PIZZA & TAP GARDEN (FLEMING),North Florida Sales,
SIMONE S WOOD FIRED CRAFT KITCHEN,North Florida Sales,
GAS FULL SERVICE RESTAURA,North Florida Sales,
WICK N TWISTED,North Florida Sales,
FLORIDIAN (THE),North Florida Sales,
FORE SCORE GOLF TAVERN,North Florida Sales,
ICE BALL LIQUOR,North Florida Sales,
GRAPE AND GRAIN EXCHANGE (THE),North Florida Sales,
TOON TOWN PICKLEBALL,North Florida Sales,
DISCO WITCH BREWING,North Florida Sales,
KANINE SOCIAL,North Florida Sales,
Waypoint 27 North,Gold Coast,
Ferraros Italian Grille,Gold Coast,
Ed s Tavern,Gold Coast,
Oak & Stone,Gold Coast,
Siesta Market,Gold Coast,
Lbk Liquors / Chubbys,Gold Coast,
Florida Provisions Co.,Gold Coast,
Sunflower Discount Grocer,Gold Coast,
Island House Tap And Gril,Gold Coast,
Off Trail Bike Company,Gold Coast,
Inner Compass Brewing Co,Gold Coast,
Ozy s Tavern,Gold Coast,
Block 15 Cork & Craft,Gold Coast,
Hurricane Hanks - Pkg Onl,Gold Coast,
Fat Rabbit Pub,Gold Coast,
Sarasota Special Events,Gold Coast,
Irmas Tacos Craft Beer,Gold Coast,
Cask & Ale,Gold Coast,
Kore Restaurant,Gold Coast,
Gulf Gate Food & Beer,Gold Coast,
Back Alley,Gold Coast,
Time Saver Wine & Spirits,Gold Coast,
Mortons Gourmet Market,Gold Coast,
Holiday Liquor,Gold Coast,
Food and Beer,Gold Coast,
Lost Kangaroo Pub,Gold Coast,
Food+Beer,Gold Coast,
Sun Lab Brewing,Gold Coast,
The Fountain Kitchen & Wi,Gold Coast,
Lila,Gold Coast,
Brian Goetz Salon,Gold Coast,
Glass Bottom Tavern,Gold Coast,
Olive Grove Of Venice Flo,Gold Coast,
Lorraine Lakes Town Ctr,Gold Coast,
Siesta Village Liquors,Gold Coast,
INFUSION BREWING CO LLC,Progressive Distributing,
ABC LIQUORS #151,Progressive Distributing,
ABC LIQUORS #128,Progressive Distributing,
LUEKENS BIGTOWN LIQ OLDS,Progressive Distributing,
ABC LIQUORS #159,Progressive Distributing,
SIDE BAR,Progressive Distributing,
FRIENDSHIP WINE & LIQUOR,Progressive Distributing,
ABC LIQUORS #153,Progressive Distributing,
THE TRAIN STATION,Progressive Distributing,
LOCAL BREWING COMPANY,Progressive Distributing,
DENTED KEG ALE WORKS,Progressive Distributing,
FIRESIDE PIZZA CAFE,Progressive Distributing,
EMERALD COAST BREW CO,Progressive Distributing,
JOHNNY S TAPHOUSE & GRILL,Progressive Distributing,
RIDGEMOOR RALLY,Progressive Distributing,
SOUTHERN STEER BUTCHER (CLEARWATER),Progressive Distributing,
PALM HARBOR HOUSE OF B(C),Progressive Distributing,
ROSIE S TAVERN OF NPR,Progressive Distributing,
TARPON TAPHOUSE FL BEERS,Progressive Distributing,
ESTUARY,Progressive Distributing,
LUEKENS (TS),Progressive Distributing,
NIKO S NEIGHBORHOOD BAR,Progressive Distributing,
COOLSIDE GELATO BAR,Progressive Distributing,
BROAD STREET BREWING CO,Progressive Distributing,
FLORIDA CRACKER PIZZA KIT,Progressive Distributing,
PINE STREET PUB,Progressive Distributing,
CRUMPS LANDING,Progressive Distributing,
SUNCOAST WINE & LIQUOR,Progressive Distributing,
SKINNYS BAR & GRILL,Progressive Distributing,
BLACK DIAMOND CLUB,Progressive Distributing,
KC WINE AND KOFFEE BAR,Progressive Distributing,
DANNYS BAR AND GRILL,Progressive Distributing,
ZIMZARI CALIF COASTAL,Progressive Distributing,
CRAFT STREET (NPR),Progressive Distributing,
NAUTI DOG TAPEHOUSE/EA(C),Progressive Distributing,
GET HOOKED(C),Progressive Distributing,
GLENLAKE LIQUORS,Progressive Distributing,
LUEKENS WINE & SPIRITS-PH,Progressive Distributing,
BEER FROG,Progressive Distributing,
FAIRFIELD BY MARRIOTT INN,Progressive Distributing,
LATTITUDE 28,Progressive Distributing,
PIGGLY WIGGLY #594,Lewis Bear,
BEACH LIQUORS/PARADISE POINTE,Lewis Bear,
NAVARRE LIQUORS,Lewis Bear,
SAMMY BARKERS,Lewis Bear,
SALT HOP BREWING LLC,Lewis Bear,
BETTYS,Lewis Bear,
BEACH LIQUORS PNS,Lewis Bear,
KELLEY S LIQUORS,Lewis Bear,
O RILEYS DOWNTOWN IRISH PUB,Lewis Bear,
TOBACCO ANNIES #2,Lewis Bear,
EVERMAN CO-OP GROCERY & CAFE,Lewis Bear,
BARRACKS STREET FISH HOUSE,Lewis Bear,
HUB STACEY S,Lewis Bear,
MAJIK MARKET,Lewis Bear,
THE GRID ARCADE,Lewis Bear,
WISTERIA,Lewis Bear,
WINE WORLD OUTLET PENSACOLA,Lewis Bear,
FOOD OUTLET,Lewis Bear,
PARAMOUNT LIQUOR,Lewis Bear,
BADLANDS,Lewis Bear,
SKYS PIZZA PIE,Lewis Bear,
GOAT LIPS DELI & DINNER,Lewis Bear,
RICHEYS EAST,Lewis Bear,
WINE WORLD FORT WALTON BEACH,Lewis Bear,
PALLET BAR AND GRILL,Lewis Bear,
THE GREY TAPROOM,Lewis Bear,
RICHEYS EAST #2,Lewis Bear,
RICHEY S EAST INC GREGORY,Lewis Bear,
DONATION BEER ACCOUNT-NO DISC,Lewis Bear,
FISH HOUSE TACKLE SHOP GIFTS,Lewis Bear,
LIQUOR STORE THE,Lewis Bear,
SABRINA FOOD MART INC,Lewis Bear,
GULF COAST GARAGE,Lewis Bear,
PENSACOLA BEACH FOOD MART,Lewis Bear,
BOUNCE BEACH,Lewis Bear,
HB THREE,Lewis Bear,
LUCYS IN THE SQUARE,Lewis Bear,
SKYS PIZZA PIE PACE,Lewis Bear,
CROOKED TALE GASTRO PUB,Lewis Bear,
FIVE POINTS LIQUOR AND WINE,Lewis Bear,
GROCERY ADVANTAGE DAVIS,Lewis Bear,
OLIVE ROAD FOOD MART,Lewis Bear,
RADBAR LLC,Lewis Bear,
FUSION FINE WINE AND SPIRITS,Lewis Bear,
LINDSEY ENGEL PNS,Lewis Bear,
SPIRIT OF THE SUWANNEE MUSIC PARK,North Florida Sales,
GATORS DOCKSIDE (LAKE CITY),North Florida Sales,
SPIRIT OF THE SUWANNEE MUSIC PARK -,North Florida Sales,
LIVE OAK LIQUORS,North Florida Sales,
GATEWAY CITY CRAFT BEER & WINE FEST,North Florida Sales,
47 LIQUOR,North Florida Sales,
PHISH HEADS,North Florida Sales,
JAYVEER LIQUOR,North Florida Sales,
EZ CORNER FOOD STORE #2,North Florida Sales,
PORT 27 BREWING CO,Bernie Little,
UNION TAP ROOM,Bernie Little,
1845 TAP HOUSE,Bernie Little,
THE JOINERY,Bernie Little,
OVATION BISTRO & BAR,Bernie Little,
FOOD + BEER,Bernie Little,
SWAN BREWING,Bernie Little,
PADDYWAGON WINTER HAVEN,Bernie Little,
THE CLUB AT EAGLEBROOKE,Bernie Little,
CRAVE HOT DOGS & BBQ,Bernie Little,
CENTRAL TAVERN,Bernie Little,
IL FORNO SOCRUM,Bernie Little,
SOUTHSIDE PKG/LOUNGE,Bernie Little,
GLORY DAYS GRILL LKLD,Bernie Little,
TAP THAT BEER HOUSE,Bernie Little,
SOCE MARKET,Bernie Little,
BEEF O BRADYS NORTH LKLD,Bernie Little,
COB & PEN,Bernie Little,
PADDYWAGON LAKELAND,Bernie Little,
ANOTHER ROUND @ HIGHLANDS,Bernie Little,
OK CORRAL GUN CLUB 2,Bernie Little,
FADED BISTRO & BEER GARDE,Bernie Little,
SUNSET GRILLE,Bernie Little,
NEW SPRING LAKE PARTNERS,Bernie Little,
BLUE LAGOON SALOON,Bernie Little,
